[{"pk": 1, "model": "menu_items.category", "fields": {"name": "Appetizers"}}, {"pk": 2, "model": "menu_items.category", "fields": {"name": "Burgers & Sandwiches"}}, {"pk": 3, "model": "menu_items.category", "fields": {"name": "Chicken & Ribs"}}, {"pk": 4, "model": "menu_items.category", "fields": {"name": "Classic Dinners"}}, {"pk": 5, "model": "menu_items.category", "fields": {"name": "Desserts"}}, {"pk": 6, "model": "menu_items.category", "fields": {"name": "Kid's Menu"}}, {"pk": 7, "model": "menu_items.category", "fields": {"name": "Prime Rib"}}, {"pk": 8, "model": "menu_items.category", "fields": {"name": "Prime Rib Combinations"}}, {"pk": 9, "model": "menu_items.category", "fields": {"name": "Salads & Soup"}}, {"pk": 10, "model": "menu_items.category", "fields": {"name": "Seafood"}}, {"pk": 11, "model": "menu_items.category", "fields": {"name": "Sides"}}, {"pk": 12, "model": "menu_items.category", "fields": {"name": "Steak Combinations"}}, {"pk": 13, "model": "menu_items.category", "fields": {"name": "Steaks"}}, {"pk": 14, "model": "menu_items.category", "fields": {"name": "Vegetarian"}}, {"pk": 1, "model": "menu_items.menuitem", "fields": {"category": 14, "quality_check_prep": "Some quality check info", "name": "Yum yum", "photo": "", "prep_yield": "", "shelf_life": ""}}, {"pk": 2, "model": "menu_items.menuitem", "fields": {"category": 2, "quality_check_prep": "Some quality check info", "name": "Tasty Fish", "photo": "", "prep_yield": "", "shelf_life": ""}}, {"pk": 3, "model": "menu_items.menuitem", "fields": {"category": 14, "quality_check_prep": "Some quality check info", "name": "Ahi Tuna", "photo": "", "prep_yield": "", "shelf_life": ""}}, {"pk": 4, "model": "menu_items.menuitem", "fields": {"category": 13, "quality_check_prep": "Some quality check info", "name": "Apple Crumble", "photo": "", "prep_yield": "", "shelf_life": ""}}, {"pk": 5, "model": "menu_items.menuitem", "fields": {"category": 4, "quality_check_prep": "Some quality check info", "name": "Au Jus", "photo": "", "prep_yield": "", "shelf_life": ""}}, {"pk": 6, "model": "menu_items.menuitem", "fields": {"category": 10, "quality_check_prep": "Shrimp steamed until just cooked, then cooled immediately in ice water. Garlic butter patty to cover all shrimp, topped with breadcrumbs and shredded Monterey Jack/Cheddar cheese.", "name": "Baked Garlic Shrimp", "photo": "menuPhoto/baked_garlic_shrimp.png", "prep_yield": "1 portion", "shelf_life": "3 days"}}, {"pk": 7, "model": "menu_items.menuitem", "fields": {"category": 4, "quality_check_prep": "Some quality check info", "name": "Baked Goat Cheese", "photo": "", "prep_yield": "", "shelf_life": ""}}, {"pk": 8, "model": "menu_items.menuitem", "fields": {"category": 3, "quality_check_prep": "Some quality check info", "name": "Baked Parmesan Tomato", "photo": "", "prep_yield": "", "shelf_life": ""}}, {"pk": 9, "model": "menu_items.menuitem", "fields": {"category": 13, "quality_check_prep": "Some quality check info", "name": "Baked Potato", "photo": "", "prep_yield": "", "shelf_life": ""}}, {"pk": 10, "model": "menu_items.menuitem", "fields": {"category": 4, "quality_check_prep": "Some quality check info", "name": "Baked Potatoes - 70 Count", "photo": "", "prep_yield": "", "shelf_life": ""}}, {"pk": 11, "model": "menu_items.menuitem", "fields": {"category": 6, "quality_check_prep": "Some quality check info", "name": "Baked Tomato", "photo": "", "prep_yield": "", "shelf_life": ""}}, {"pk": 12, "model": "menu_items.menuitem", "fields": {"category": 13, "quality_check_prep": "Some quality check info", "name": "Balsamic Mushroom Chicken", "photo": "", "prep_yield": "", "shelf_life": ""}}, {"pk": 13, "model": "menu_items.menuitem", "fields": {"category": 8, "quality_check_prep": "Some quality check info", "name": "Balsamic Mushroom Sirloin.", "photo": "", "prep_yield": "", "shelf_life": ""}}, {"pk": 14, "model": "menu_items.menuitem", "fields": {"category": 5, "quality_check_prep": "Some quality check info", "name": "Baseball Sirloin", "photo": "", "prep_yield": "", "shelf_life": ""}}, {"pk": 15, "model": "menu_items.menuitem", "fields": {"category": 10, "quality_check_prep": "Some quality check info", "name": "Bearnaise Sauce", "photo": "", "prep_yield": "", "shelf_life": ""}}, {"pk": 16, "model": "menu_items.menuitem", "fields": {"category": 14, "quality_check_prep": "Some quality check info", "name": "Billy Miner Pie (Swus)", "photo": "", "prep_yield": "", "shelf_life": ""}}, {"pk": 17, "model": "menu_items.menuitem", "fields": {"category": 11, "quality_check_prep": "Some quality check info", "name": "Billy Miner Pie", "photo": "", "prep_yield": "", "shelf_life": ""}}, {"pk": 18, "model": "menu_items.menuitem", "fields": {"category": 11, "quality_check_prep": "Check something", "name": "Something Really Tasty", "photo": "", "prep_yield": "", "shelf_life": ""}}, {"pk": 1, "model": "menu_items.menustoragestep", "fields": {"isNote": false, "step": "Store baked garlic shrimp portions refrigerated, below 40oF (4oC), following established procedures for labeling and storage.", "order": 1, "menu": 6}}, {"pk": 2, "model": "menu_items.menustoragestep", "fields": {"isNote": true, "step": "This is a note step", "order": 2, "menu": 6}}, {"pk": 3, "model": "menu_items.menustoragestep", "fields": {"isNote": false, "step": "A regular storage step", "order": 3, "menu": 6}}, {"pk": 1, "model": "menu_items.menuprepstep", "fields": {"isNote": false, "step": "Follow standard procedures for thawing and storage of shell-off shrimp.", "order": 1, "menu": 6}}, {"pk": 2, "model": "menu_items.menuprepstep", "fields": {"isNote": false, "step": "Spread shrimp in a single layer, on a perforated steamer tray, and cook in a pre-heated steamer for 1 minute or until shrimp are just cooked.", "order": 2, "menu": 6}}, {"pk": 3, "model": "menu_items.menuprepstep", "fields": {"isNote": false, "step": "Immediately submerge cooked shrimp into an ice bath to stop cooking and cool.", "order": 3, "menu": 6}}, {"pk": 4, "model": "menu_items.menuprepstep", "fields": {"isNote": false, "step": "Remove when cold (maximum 5 minutes).", "order": 4, "menu": 6}}, {"pk": 5, "model": "menu_items.menuprepstep", "fields": {"isNote": false, "step": "Place 1 shrimp into each indentation of each escargot dish.", "order": 5, "menu": 6}}, {"pk": 6, "model": "menu_items.menuprepstep", "fields": {"isNote": false, "step": "Weigh 1 oz. (28 g) of garlic butter for each escargot dish, then place on top of shrimp.", "order": 6, "menu": 6}}, {"pk": 7, "model": "menu_items.menuprepstep", "fields": {"isNote": false, "step": "Using a large shaker, sprinkle bread crumbs evenly over each garlic butter patty.", "order": 7, "menu": 6}}, {"pk": 8, "model": "menu_items.menuprepstep", "fields": {"isNote": true, "step": "The breadcrumbs help absorb any excess oil from cheese and butter while cooking.", "order": 8, "menu": 6}}, {"pk": 9, "model": "menu_items.menuprepstep", "fields": {"isNote": false, "step": "Sprinkle shredded Monterey Jack/Cheddar cheese evenly over top of each garlic butter patty.", "order": 9, "menu": 6}}, {"pk": 10, "model": "menu_items.menuprepstep", "fields": {"isNote": false, "step": "Wrap each dish individually with plastic wrap.", "order": 10, "menu": 6}}, {"pk": 1, "model": "menu_items.ingredient", "fields": {"name": "Bread crumbs"}}, {"pk": 2, "model": "menu_items.ingredient", "fields": {"name": "Keg cheese blend"}}, {"pk": 3, "model": "menu_items.ingredient", "fields": {"name": "Garlic Butter"}}, {"pk": 4, "model": "menu_items.ingredient", "fields": {"name": "Shrimp, 41/50, P & D, thawed "}}, {"pk": 1, "model": "menu_items.menuingredient", "fields": {"menuItem": 6, "amount_metric": "5 ml", "amount_imperial": "1 tsp", "ingredient": 1}}, {"pk": 2, "model": "menu_items.menuingredient", "fields": {"menuItem": 6, "amount_metric": "28 g", "amount_imperial": "1 oz", "ingredient": 2}}, {"pk": 3, "model": "menu_items.menuingredient", "fields": {"menuItem": 6, "amount_metric": "28 g", "amount_imperial": "1 oz", "ingredient": 3}}, {"pk": 4, "model": "menu_items.menuingredient", "fields": {"menuItem": 6, "amount_metric": "6 pcs", "amount_imperial": "6 pcs", "ingredient": 4}}]
